play_id,session_id,game_id,bet_amount,result
1,688,5,$54.02 ,lose
2,820,3,$92.58 ,win
3,468,2,$53.78 ,win
4,851,3,$30.07 ,win
5,536,3,$51.46 ,lose
6,46,4,$32.12 ,lose
7,809,4,$77.23 ,lose
8,753,2,$70.33 ,lose
9,105,6,$28.02 ,win
10,435,6,$57.09 ,win
11,566,5,$62.61 ,win
12,312,2,$37.15 ,lose
13,830,2,$92.02 ,win
14,512,4,$10.13 ,lose
15,111,1,$59.08 ,win
16,1132,2,$60.31 ,win
17,1016,1,$50.79 ,lose
18,300,1,$11.06 ,lose
19,621,3,$49.06 ,lose
20,613,2,$46.16 ,win
21,559,2,$95.71 ,win
22,576,6,$25.59 ,win
23,1091,4,$86.85 ,win
24,979,1,$51.61 ,lose
25,461,1,$60.78 ,lose
26,145,2,$75.34 ,win
27,1146,1,$93.24 ,win
28,651,3,$80.66 ,win
29,874,6,$58.43 ,win
30,710,3,$10.98 ,lose
31,818,4,$6.80 ,lose
32,109,6,$43.58 ,lose
33,1096,5,$82.25 ,lose
34,731,6,$76.87 ,lose
35,613,2,$20.23 ,lose
36,998,5,$90.98 ,win
37,330,3,$7.60 ,win
38,664,3,$57.85 ,win
39,841,6,$85.36 ,lose
40,951,4,$96.31 ,win
41,325,1,$57.74 ,win
42,797,2,$34.80 ,win
43,823,6,$19.20 ,lose
44,75,3,$21.93 ,lose
45,929,6,$65.91 ,lose
46,502,5,$2.18 ,lose
47,449,2,$73.86 ,win
48,998,3,$57.57 ,lose
49,238,2,$14.13 ,lose
50,843,4,$28.51 ,lose
51,313,6,$95.62 ,lose
52,219,5,$67.15 ,win
53,1025,4,$45.21 ,lose
54,667,3,$75.80 ,win
55,884,5,$84.90 ,lose
56,741,5,$40.37 ,lose
57,992,1,$28.38 ,lose
58,345,3,$29.35 ,lose
59,1106,4,$36.91 ,win
60,93,6,$39.30 ,lose
61,819,5,$91.30 ,lose
62,192,2,$86.75 ,win
63,1166,5,$17.27 ,lose
64,1128,6,$40.48 ,lose
65,287,2,$43.37 ,win
66,155,5,$4.82 ,win
67,794,2,$56.17 ,win
68,1172,4,$44.91 ,win
69,1078,6,$28.45 ,win
70,457,1,$76.12 ,win
71,1078,5,$91.57 ,lose
72,240,6,$99.66 ,win
73,806,5,$37.21 ,win
74,761,5,$94.15 ,lose
75,969,3,$59.76 ,lose
76,1060,1,$42.82 ,win
77,1179,2,$79.32 ,win
78,547,4,$65.03 ,lose
79,129,5,$30.61 ,lose
80,931,3,$83.24 ,lose
81,563,6,$15.06 ,win
82,1109,5,$96.63 ,win
83,284,1,$8.82 ,win
84,1011,4,$36.22 ,lose
85,895,1,$5.89 ,win
86,370,6,$27.92 ,lose
87,507,3,$11.15 ,win
88,795,5,$56.30 ,win
89,705,1,$32.77 ,win
90,61,1,$44.43 ,lose
91,144,6,$8.81 ,lose
92,62,3,$88.22 ,lose
93,1167,1,$7.49 ,win
94,951,5,$42.57 ,win
95,311,5,$21.84 ,lose
96,913,6,$77.30 ,lose
97,126,1,$99.80 ,lose
98,342,2,$10.48 ,lose
99,337,3,$35.31 ,win
100,705,3,$48.66 ,lose
101,508,4,$47.03 ,win
102,183,3,$97.07 ,win
103,629,2,$68.60 ,win
104,1018,3,$34.77 ,lose
105,1038,3,$42.75 ,lose
106,748,3,$1.81 ,lose
107,1060,3,$89.64 ,lose
108,194,6,$72.06 ,lose
109,57,4,$81.46 ,win
110,202,3,$8.63 ,win
111,816,4,$68.28 ,win
112,931,5,$10.27 ,lose
113,277,4,$30.39 ,lose
114,819,4,$90.81 ,win
115,767,1,$4.67 ,win
116,808,4,$76.79 ,win
117,1173,6,$24.55 ,win
118,744,3,$36.54 ,win
119,908,3,$13.14 ,win
120,885,1,$87.12 ,win
121,198,6,$32.77 ,win
122,449,4,$26.59 ,lose
123,1126,2,$34.74 ,lose
124,945,1,$78.19 ,win
125,1029,1,$23.90 ,win
126,912,5,$55.19 ,lose
127,1079,3,$8.35 ,lose
128,57,3,$13.05 ,win
129,950,4,$65.10 ,lose
130,275,5,$65.94 ,lose
131,1122,6,$47.26 ,win
132,870,1,$14.47 ,win
133,673,6,$25.12 ,win
134,1080,6,$68.68 ,lose
135,323,6,$91.62 ,win
136,325,1,$21.11 ,win
137,249,2,$83.71 ,lose
138,31,6,$50.18 ,lose
139,755,4,$22.50 ,lose
140,918,4,$17.12 ,lose
141,659,4,$83.00 ,lose
142,1196,1,$13.11 ,lose
143,64,1,$24.39 ,win
144,570,1,$70.25 ,lose
145,735,1,$77.00 ,win
146,80,5,$35.01 ,win
147,57,4,$74.21 ,lose
148,148,6,$17.07 ,win
149,566,3,$4.14 ,win
150,1060,4,$90.96 ,lose
151,15,6,$78.84 ,lose
152,432,5,$17.79 ,win
153,24,5,$94.93 ,win
154,1170,4,$59.63 ,lose
155,106,2,$77.14 ,win
156,1176,2,$73.21 ,win
157,1049,2,$14.66 ,lose
158,352,3,$27.99 ,lose
159,726,2,$1.56 ,win
160,1169,4,$55.21 ,win
161,434,3,$78.77 ,lose
162,483,5,$88.72 ,win
163,128,4,$53.73 ,win
164,121,4,$86.07 ,win
165,590,1,$16.62 ,lose
166,468,4,$43.66 ,lose
167,831,1,$56.94 ,win
168,1095,2,$67.13 ,lose
169,257,5,$66.20 ,win
170,755,6,$56.27 ,win
171,506,6,$21.54 ,lose
172,728,6,$98.23 ,lose
173,42,1,$24.15 ,lose
174,683,5,$77.15 ,lose
175,156,1,$50.80 ,win
176,648,6,$7.21 ,win
177,800,3,$50.44 ,win
178,834,5,$43.21 ,lose
179,1118,1,$32.84 ,win
180,423,1,$78.53 ,win
181,976,6,$82.40 ,win
182,17,5,$48.19 ,lose
183,587,1,$50.20 ,win
184,787,4,$27.58 ,lose
185,1151,6,$44.36 ,lose
186,520,6,$87.82 ,lose
187,1094,6,$14.09 ,lose
188,25,1,$92.71 ,lose
189,399,5,$55.23 ,lose
190,847,5,$72.29 ,lose
191,494,6,$8.90 ,lose
192,726,1,$68.39 ,lose
193,986,1,$93.50 ,win
194,837,5,$4.79 ,lose
195,1178,4,$98.71 ,lose
196,1165,2,$59.38 ,lose
197,568,4,$54.09 ,lose
198,761,4,$68.79 ,win
199,7,4,$78.27 ,lose
200,563,6,$90.48 ,win
201,396,3,$95.14 ,lose
202,83,6,$2.95 ,win
203,13,3,$9.39 ,win
204,318,1,$85.34 ,lose
205,61,2,$1.48 ,win
206,571,2,$81.06 ,lose
207,965,2,$49.17 ,lose
208,183,1,$35.34 ,win
209,1124,4,$82.64 ,win
210,695,2,$20.18 ,win
211,654,4,$79.96 ,win
212,972,3,$14.88 ,win
213,603,4,$56.01 ,win
214,864,4,$49.06 ,lose
215,436,5,$46.41 ,lose
216,153,1,$77.16 ,win
217,895,4,$19.75 ,win
218,218,2,$88.63 ,win
219,706,4,$34.50 ,lose
220,854,1,$97.06 ,win
221,1029,2,$59.23 ,win
222,1098,3,$32.95 ,lose
223,838,2,$11.51 ,win
224,301,4,$40.35 ,win
225,10,4,$70.47 ,lose
226,328,6,$12.40 ,lose
227,898,3,$21.34 ,win
228,237,3,$71.66 ,win
229,165,2,$2.32 ,win
230,484,1,$10.97 ,win
231,636,5,$84.26 ,lose
232,242,1,$2.34 ,win
233,1132,5,$63.44 ,lose
234,838,4,$31.16 ,win
235,411,3,$43.52 ,win
236,108,4,$74.92 ,lose
237,739,5,$97.76 ,lose
238,499,4,$62.54 ,lose
239,1082,5,$13.12 ,lose
240,809,3,$65.31 ,lose
241,661,1,$71.15 ,lose
242,1168,5,$79.69 ,lose
243,750,5,$56.98 ,win
244,758,6,$65.53 ,lose
245,952,4,$98.05 ,win
246,1159,3,$72.48 ,win
247,24,6,$39.74 ,lose
248,623,4,$45.58 ,win
249,953,5,$29.29 ,lose
250,1150,3,$50.20 ,win
251,858,3,$72.06 ,win
252,1024,4,$2.50 ,lose
253,678,2,$20.06 ,lose
254,812,4,$34.71 ,win
255,784,4,$62.83 ,win
256,887,6,$72.86 ,win
257,568,3,$93.87 ,lose
258,913,1,$32.25 ,lose
259,129,3,$75.90 ,win
260,887,6,$75.04 ,win
261,161,5,$54.54 ,win
262,197,3,$22.74 ,win
263,1164,1,$3.13 ,win
264,312,5,$92.66 ,lose
265,830,4,$93.68 ,win
266,883,2,$79.10 ,win
267,322,4,$44.24 ,win
268,12,5,$54.76 ,lose
269,890,1,$72.10 ,win
270,841,1,$80.36 ,lose
271,480,1,$45.50 ,lose
272,790,4,$62.96 ,lose
273,164,4,$78.82 ,win
274,902,2,$38.02 ,win
275,726,2,$16.72 ,lose
276,1154,1,$15.77 ,win
277,919,1,$67.34 ,lose
278,121,4,$55.69 ,win
279,602,5,$62.77 ,win
280,267,6,$39.08 ,win
281,110,3,$11.54 ,lose
282,1119,6,$29.39 ,lose
283,490,5,$1.54 ,win
284,235,4,$11.31 ,lose
285,1092,1,$32.91 ,lose
286,422,3,$52.91 ,win
287,31,3,$67.61 ,lose
288,421,1,$49.95 ,win
289,165,4,$90.77 ,win
290,212,4,$83.28 ,lose
291,272,2,$6.88 ,lose
292,678,6,$34.21 ,win
293,899,6,$42.30 ,lose
294,881,1,$71.11 ,lose
295,790,1,$95.52 ,lose
296,142,3,$85.39 ,win
297,531,2,$80.38 ,win
298,1127,4,$63.32 ,lose
299,312,1,$70.03 ,win
300,872,2,$50.04 ,lose
301,1155,3,$74.16 ,win
302,44,2,$54.09 ,win
303,896,5,$6.21 ,lose
304,421,5,$81.92 ,win
305,873,5,$87.89 ,win
306,858,6,$22.25 ,lose
307,142,3,$41.44 ,win
308,222,4,$88.64 ,lose
309,210,5,$60.32 ,lose
310,1150,2,$26.59 ,lose
311,736,3,$55.79 ,win
312,1119,6,$57.52 ,lose
313,924,6,$38.42 ,lose
314,907,1,$13.30 ,win
315,390,5,$86.52 ,lose
316,430,1,$27.06 ,lose
317,30,5,$31.23 ,win
318,731,5,$97.97 ,win
319,340,2,$19.44 ,lose
320,665,5,$21.63 ,win
321,459,5,$79.48 ,win
322,1052,5,$3.85 ,win
323,164,3,$81.58 ,lose
324,1143,4,$41.49 ,lose
325,463,3,$46.73 ,win
326,582,4,$41.41 ,lose
327,1005,4,$19.41 ,win
328,1039,3,$32.40 ,lose
329,405,5,$55.29 ,lose
330,422,6,$61.43 ,win
331,777,3,$10.90 ,win
332,806,1,$27.69 ,lose
333,1102,2,$79.72 ,lose
334,113,3,$47.44 ,win
335,463,5,$18.62 ,lose
336,493,6,$60.86 ,lose
337,1034,4,$72.10 ,win
338,1155,6,$83.20 ,lose
339,509,3,$21.93 ,lose
340,638,5,$9.32 ,lose
341,1135,3,$67.12 ,win
342,507,5,$57.34 ,win
343,1137,4,$36.85 ,win
344,287,1,$11.08 ,lose
345,163,4,$14.17 ,lose
346,523,4,$85.83 ,lose
347,506,1,$67.66 ,win
348,136,6,$11.58 ,lose
349,541,6,$46.13 ,win
350,348,6,$32.62 ,win
351,235,1,$62.99 ,lose
352,590,4,$91.49 ,lose
353,811,2,$28.11 ,win
354,1183,3,$17.06 ,win
355,1002,2,$25.57 ,lose
356,219,1,$5.34 ,lose
357,16,5,$34.13 ,win
358,932,3,$69.87 ,lose
359,638,6,$93.36 ,win
360,993,5,$45.83 ,lose
361,550,2,$22.06 ,win
362,644,4,$12.31 ,win
363,89,2,$10.94 ,win
364,152,3,$23.26 ,win
365,627,6,$43.29 ,win
366,998,4,$38.06 ,lose
367,637,5,$72.09 ,win
368,499,6,$6.44 ,lose
369,957,5,$63.17 ,win
370,87,2,$26.11 ,lose
371,845,6,$12.84 ,lose
372,566,3,$18.89 ,lose
373,825,2,$61.96 ,win
374,736,3,$40.69 ,lose
375,961,3,$42.83 ,lose
376,721,4,$74.42 ,lose
377,568,4,$47.93 ,win
378,489,1,$26.84 ,win
379,836,1,$58.37 ,lose
380,790,2,$4.78 ,lose
381,110,4,$65.86 ,win
382,326,5,$87.14 ,lose
383,583,4,$59.08 ,win
384,845,4,$15.29 ,win
385,892,5,$21.80 ,win
386,634,5,$68.14 ,win
387,849,4,$81.44 ,lose
388,1151,5,$28.08 ,lose
389,668,1,$19.82 ,win
390,446,2,$49.33 ,win
391,916,2,$47.16 ,win
392,265,1,$5.48 ,win
393,841,5,$69.31 ,win
394,1,3,$57.61 ,lose
395,848,6,$88.76 ,win
396,185,2,$86.66 ,lose
397,1026,2,$90.65 ,win
398,142,3,$15.53 ,lose
399,508,2,$96.46 ,lose
400,1004,3,$86.38 ,lose
401,17,1,$73.30 ,lose
402,438,1,$15.44 ,win
403,915,2,$23.03 ,win
404,893,6,$71.48 ,win
405,557,2,$18.31 ,win
406,728,3,$95.95 ,win
407,940,4,$24.15 ,lose
408,445,3,$88.76 ,lose
409,1024,5,$19.80 ,win
410,383,5,$61.44 ,win
411,522,3,$65.83 ,lose
412,301,1,$25.09 ,lose
413,223,5,$96.19 ,win
414,433,6,$56.59 ,win
415,764,1,$9.43 ,lose
416,404,3,$45.64 ,win
417,128,2,$91.95 ,win
418,1037,6,$79.46 ,win
419,196,5,$72.65 ,win
420,77,6,$96.26 ,lose
421,131,2,$86.11 ,win
422,675,2,$60.45 ,win
423,206,1,$53.48 ,win
424,179,2,$37.32 ,lose
425,224,4,$4.72 ,win
426,821,5,$91.54 ,win
427,887,2,$14.65 ,lose
428,703,3,$12.34 ,lose
429,429,6,$35.79 ,win
430,580,4,$42.77 ,win
431,118,1,$60.52 ,lose
432,208,3,$31.25 ,win
433,125,2,$10.89 ,win
434,871,5,$30.12 ,lose
435,725,3,$42.88 ,win
436,763,4,$64.81 ,lose
437,610,5,$85.48 ,lose
438,1070,2,$78.31 ,win
439,249,5,$1.36 ,win
440,826,4,$71.38 ,win
441,1033,5,$31.29 ,lose
442,883,2,$89.27 ,lose
443,764,3,$61.47 ,lose
444,642,3,$77.68 ,win
445,477,4,$50.95 ,lose
446,969,2,$98.51 ,win
447,599,6,$9.66 ,lose
448,1154,2,$83.07 ,win
449,710,1,$47.02 ,win
450,62,6,$60.01 ,lose
451,83,2,$64.89 ,win
452,199,1,$83.90 ,win
453,737,1,$91.08 ,win
454,700,5,$68.83 ,lose
455,868,1,$92.77 ,lose
456,1018,1,$83.75 ,lose
457,1176,6,$6.14 ,lose
458,355,1,$86.42 ,lose
459,960,1,$99.36 ,lose
460,464,4,$92.26 ,win
461,44,6,$97.12 ,lose
462,1118,4,$10.10 ,win
463,624,5,$26.43 ,win
464,1082,6,$37.58 ,win
465,49,5,$20.88 ,lose
466,79,3,$79.20 ,win
467,976,5,$82.65 ,win
468,256,2,$62.42 ,win
469,854,4,$58.18 ,win
470,989,6,$10.80 ,win
471,24,3,$17.73 ,win
472,180,4,$46.55 ,lose
473,1189,4,$28.19 ,lose
474,581,4,$79.89 ,lose
475,1127,1,$82.27 ,lose
476,217,3,$46.71 ,lose
477,659,4,$88.87 ,win
478,958,1,$99.84 ,win
479,1130,6,$31.52 ,lose
480,377,4,$98.22 ,win
481,421,3,$86.80 ,win
482,935,2,$46.88 ,lose
483,137,6,$61.13 ,win
484,505,3,$51.85 ,lose
485,712,5,$51.23 ,win
486,1047,2,$51.86 ,win
487,735,1,$92.43 ,lose
488,464,3,$30.44 ,win
489,1152,3,$11.33 ,lose
490,407,2,$59.30 ,lose
491,309,1,$13.85 ,win
492,4,6,$81.84 ,lose
493,341,3,$74.83 ,win
494,243,5,$44.49 ,win
495,927,2,$26.71 ,lose
496,611,1,$38.08 ,win
497,23,5,$73.82 ,win
498,172,3,$9.99 ,lose
499,305,5,$31.24 ,win
500,1177,4,$46.93 ,win
501,298,2,$88.46 ,win
502,229,3,$46.60 ,win
503,509,5,$67.86 ,lose
504,503,3,$85.41 ,win
505,452,1,$45.62 ,win
506,591,3,$86.45 ,win
507,32,2,$79.71 ,win
508,318,2,$64.04 ,lose
509,43,4,$17.85 ,lose
510,860,3,$74.01 ,lose
511,153,6,$81.53 ,win
512,1189,6,$86.32 ,lose
513,20,3,$21.11 ,win
514,385,2,$55.05 ,win
515,468,6,$66.77 ,lose
516,68,4,$27.34 ,win
517,333,5,$86.46 ,lose
518,79,6,$10.04 ,win
519,1162,3,$34.72 ,win
520,788,1,$1.93 ,lose
521,303,5,$29.48 ,win
522,134,2,$28.48 ,win
523,937,3,$57.88 ,win
524,654,4,$31.82 ,win
525,888,1,$86.90 ,lose
526,945,4,$31.36 ,lose
527,39,2,$61.09 ,win
528,599,4,$33.89 ,win
529,430,3,$4.48 ,lose
530,877,1,$2.19 ,win
531,787,2,$98.65 ,win
532,799,2,$34.93 ,lose
533,934,5,$14.56 ,win
534,138,1,$44.06 ,lose
535,60,3,$56.31 ,lose
536,472,4,$26.23 ,lose
537,704,2,$77.14 ,win
538,458,6,$62.54 ,lose
539,30,3,$22.22 ,win
540,1079,6,$52.14 ,win
541,1026,2,$44.04 ,lose
542,218,2,$91.08 ,win
543,913,1,$47.46 ,lose
544,74,6,$57.21 ,lose
545,927,4,$67.23 ,win
546,803,6,$70.61 ,lose
547,902,5,$40.44 ,win
548,1057,4,$36.21 ,win
549,190,6,$21.27 ,win
550,688,6,$5.28 ,lose
551,757,4,$15.26 ,lose
552,1182,1,$5.78 ,win
553,848,5,$29.89 ,lose
554,1016,6,$69.13 ,lose
555,1031,2,$95.69 ,win
556,639,3,$20.76 ,lose
557,242,3,$50.52 ,win
558,101,1,$53.46 ,win
559,193,5,$46.87 ,win
560,661,1,$46.13 ,lose
561,818,1,$25.79 ,win
562,249,5,$17.88 ,lose
563,918,3,$61.17 ,lose
564,299,6,$7.36 ,lose
565,868,5,$75.43 ,lose
566,446,2,$45.68 ,win
567,815,4,$50.60 ,lose
568,1144,6,$46.94 ,win
569,820,3,$45.97 ,win
570,516,2,$40.00 ,win
571,708,6,$64.66 ,win
572,628,1,$19.23 ,win
573,1086,1,$97.71 ,lose
574,594,6,$41.03 ,lose
575,452,2,$8.00 ,lose
576,868,4,$15.74 ,win
577,705,3,$9.90 ,lose
578,844,1,$51.15 ,lose
579,350,4,$46.21 ,win
580,192,1,$3.49 ,win
581,406,4,$9.31 ,win
582,816,3,$99.28 ,lose
583,420,1,$68.34 ,win
584,408,1,$78.53 ,win
585,560,3,$88.64 ,win
586,118,3,$86.95 ,lose
587,1154,3,$42.77 ,lose
588,678,5,$22.12 ,win
589,912,5,$59.99 ,lose
590,375,4,$15.12 ,win
591,1057,2,$68.61 ,win
592,262,1,$54.06 ,lose
593,674,5,$37.50 ,win
594,889,6,$28.22 ,win
595,402,2,$54.88 ,lose
596,868,5,$19.57 ,win
597,323,3,$54.90 ,win
598,1039,1,$50.28 ,win
599,655,4,$41.67 ,lose
600,357,1,$64.21 ,win
601,812,1,$8.28 ,lose
602,996,5,$76.69 ,lose
603,526,4,$70.63 ,win
604,890,4,$52.18 ,lose
605,156,2,$88.93 ,lose
606,730,3,$6.62 ,win
607,1142,1,$29.24 ,win
608,79,5,$28.96 ,win
609,1085,6,$42.81 ,win
610,81,5,$86.58 ,lose
611,1070,1,$51.40 ,win
612,1138,3,$6.74 ,win
613,1021,6,$58.65 ,lose
614,938,1,$74.86 ,win
615,682,6,$36.59 ,lose
616,1060,3,$17.05 ,lose
617,993,5,$17.39 ,lose
618,1168,4,$13.91 ,win
619,851,2,$3.22 ,lose
620,280,2,$88.99 ,lose
621,152,2,$74.55 ,lose
622,431,1,$40.36 ,lose
623,570,1,$44.22 ,win
624,489,4,$31.48 ,win
625,155,6,$92.49 ,win
626,886,6,$24.68 ,win
627,8,1,$59.64 ,win
628,455,6,$22.45 ,lose
629,577,4,$97.14 ,lose
630,794,1,$42.53 ,lose
631,126,4,$35.96 ,lose
632,101,2,$55.72 ,lose
633,483,6,$66.81 ,lose
634,423,6,$73.50 ,lose
635,521,1,$20.17 ,win
636,257,2,$32.02 ,lose
637,30,3,$64.45 ,win
638,359,5,$15.88 ,lose
639,399,1,$30.82 ,win
640,630,6,$21.76 ,lose
641,220,3,$63.73 ,win
642,788,2,$41.43 ,win
643,317,1,$53.16 ,lose
644,350,2,$68.37 ,lose
645,696,2,$53.31 ,win
646,502,3,$34.43 ,win
647,260,6,$70.95 ,lose
648,152,4,$57.22 ,lose
649,469,1,$5.81 ,win
650,460,6,$98.44 ,lose
651,301,5,$60.30 ,lose
652,550,1,$29.45 ,lose
653,819,3,$94.82 ,lose
654,437,5,$17.32 ,win
655,784,3,$43.92 ,lose
656,641,4,$90.44 ,lose
657,480,6,$78.60 ,lose
658,330,5,$8.09 ,win
659,1055,5,$72.93 ,lose
660,16,6,$52.24 ,win
661,271,2,$6.30 ,lose
662,607,5,$55.61 ,lose
663,424,5,$75.15 ,lose
664,944,5,$33.04 ,win
665,581,3,$65.41 ,win
666,1132,6,$88.99 ,win
667,808,5,$65.93 ,win
668,8,3,$32.47 ,lose
669,861,4,$9.43 ,lose
670,760,1,$27.83 ,win
671,72,5,$46.99 ,lose
672,327,3,$88.50 ,win
673,965,2,$92.19 ,lose
674,1152,1,$83.29 ,win
675,988,4,$19.03 ,lose
676,621,1,$21.30 ,win
677,671,6,$94.77 ,lose
678,335,2,$60.49 ,win
679,567,5,$87.41 ,win
680,283,4,$47.01 ,lose
681,255,4,$22.46 ,win
682,1148,2,$45.61 ,win
683,923,2,$30.56 ,win
684,56,5,$98.32 ,lose
685,753,5,$17.42 ,lose
686,769,3,$70.95 ,win
687,659,5,$16.00 ,win
688,875,1,$44.17 ,win
689,550,6,$93.53 ,lose
690,867,2,$1.19 ,lose
691,917,5,$94.02 ,lose
692,554,1,$40.55 ,win
693,3,2,$85.12 ,lose
694,523,6,$85.92 ,lose
695,1148,4,$57.07 ,win
696,551,2,$94.27 ,lose
697,1034,3,$9.80 ,win
698,406,4,$86.60 ,lose
699,196,6,$31.11 ,lose
700,424,6,$57.08 ,win
701,519,3,$56.40 ,win
702,1001,1,$37.63 ,lose
703,239,1,$31.67 ,win
704,658,5,$1.25 ,lose
705,648,1,$54.00 ,lose
706,638,4,$20.55 ,lose
707,466,6,$11.78 ,win
708,879,6,$3.17 ,win
709,468,4,$8.85 ,win
710,1158,5,$49.78 ,lose
711,449,6,$8.06 ,lose
712,400,6,$55.59 ,win
713,492,2,$84.35 ,win
714,790,3,$65.19 ,lose
715,508,6,$39.59 ,lose
716,89,1,$1.22 ,lose
717,685,3,$31.73 ,lose
718,299,2,$50.47 ,lose
719,1065,6,$1.74 ,win
720,590,2,$30.35 ,win
721,457,1,$85.75 ,win
722,554,4,$43.55 ,win
723,687,2,$46.10 ,lose
724,841,6,$43.23 ,lose
725,902,6,$87.41 ,lose
726,57,5,$60.74 ,win
727,356,2,$77.73 ,win
728,340,1,$9.43 ,win
729,375,1,$52.87 ,lose
730,919,5,$83.86 ,win
731,259,1,$63.33 ,lose
732,475,3,$57.12 ,win
733,513,3,$2.60 ,win
734,572,6,$5.83 ,win
735,818,2,$5.76 ,win
736,537,1,$59.38 ,lose
737,363,4,$61.33 ,lose
738,742,3,$20.03 ,win
739,799,5,$72.86 ,win
740,689,5,$28.45 ,win
741,688,3,$56.28 ,win
742,811,2,$14.38 ,win
743,404,4,$98.84 ,win
744,560,4,$52.36 ,win
745,774,3,$20.01 ,win
746,223,6,$80.74 ,win
747,222,4,$87.48 ,win
748,1115,5,$32.76 ,win
749,789,2,$9.37 ,win
750,1168,2,$91.75 ,win
751,351,4,$31.76 ,lose
752,903,4,$12.73 ,win
753,1034,3,$16.83 ,lose
754,166,2,$93.21 ,lose
755,527,2,$14.17 ,win
756,840,4,$75.77 ,win
757,1152,3,$77.53 ,win
758,820,2,$56.76 ,win
759,500,4,$79.82 ,win
760,1067,1,$71.12 ,lose
761,1178,1,$4.20 ,lose
762,427,3,$69.44 ,win
763,1013,3,$95.74 ,lose
764,711,2,$77.46 ,lose
765,70,1,$80.69 ,lose
766,460,1,$79.99 ,win
767,782,3,$95.62 ,lose
768,218,6,$42.27 ,lose
769,249,5,$26.47 ,win
770,1017,6,$35.00 ,lose
771,421,3,$44.87 ,win
772,543,3,$11.89 ,win
773,1161,3,$87.88 ,win
774,680,4,$16.17 ,win
775,280,1,$9.82 ,win
776,341,3,$1.28 ,lose
777,908,3,$40.07 ,lose
778,684,6,$20.50 ,win
779,1095,4,$42.38 ,win
780,541,6,$59.42 ,win
781,990,2,$83.34 ,lose
782,133,1,$60.77 ,win
783,1085,3,$62.38 ,win
784,506,1,$38.58 ,lose
785,405,2,$9.19 ,win
786,576,5,$93.37 ,lose
787,1175,5,$99.69 ,lose
788,1015,5,$25.65 ,win
789,764,3,$5.29 ,lose
790,809,3,$74.06 ,lose
791,71,6,$15.22 ,win
792,1150,5,$95.69 ,lose
793,902,3,$23.90 ,win
794,791,3,$73.33 ,win
795,203,1,$72.03 ,lose
796,354,6,$86.47 ,win
797,880,2,$71.68 ,lose
798,1123,5,$98.97 ,lose
799,673,4,$22.47 ,lose
800,759,4,$15.41 ,lose
801,915,1,$61.01 ,win
802,8,3,$41.94 ,lose
803,158,4,$16.10 ,lose
804,974,3,$87.34 ,lose
805,1096,1,$97.95 ,win
806,978,2,$78.89 ,win
807,1199,1,$88.96 ,win
808,331,1,$55.65 ,win
809,958,4,$53.89 ,lose
810,1176,2,$22.58 ,lose
811,635,5,$46.90 ,lose
812,935,1,$63.04 ,lose
813,379,2,$36.74 ,win
814,661,6,$40.96 ,win
815,1075,5,$25.09 ,win
816,98,6,$64.26 ,lose
817,740,1,$27.02 ,win
818,207,3,$78.10 ,lose
819,229,1,$20.62 ,lose
820,1174,4,$76.91 ,lose
821,756,3,$69.89 ,lose
822,53,6,$26.68 ,lose
823,453,2,$4.84 ,win
824,181,3,$90.88 ,win
825,1032,1,$19.23 ,lose
826,35,6,$13.32 ,lose
827,645,1,$50.66 ,lose
828,117,6,$10.12 ,lose
829,57,1,$65.97 ,win
830,189,5,$2.43 ,lose
831,82,3,$97.87 ,win
832,393,1,$27.15 ,win
833,434,4,$52.25 ,lose
834,632,4,$54.16 ,lose
835,1058,2,$31.72 ,lose
836,1182,6,$34.03 ,win
837,506,3,$67.93 ,win
838,644,3,$41.75 ,lose
839,1107,3,$52.97 ,lose
840,733,5,$68.52 ,lose
841,899,5,$12.37 ,win
842,69,5,$38.74 ,win
843,759,6,$77.67 ,win
844,457,4,$42.27 ,lose
845,489,5,$56.33 ,lose
846,239,5,$11.21 ,lose
847,969,2,$95.54 ,win
848,985,1,$82.16 ,win
849,444,2,$77.06 ,lose
850,942,6,$65.26 ,lose
851,655,1,$96.37 ,lose
852,839,5,$53.76 ,win
853,530,3,$51.34 ,win
854,526,5,$70.27 ,win
855,1002,2,$78.08 ,win
856,141,5,$67.89 ,lose
857,196,6,$50.47 ,lose
858,687,2,$38.06 ,win
859,1137,1,$18.96 ,win
860,729,4,$38.92 ,lose
861,1144,3,$32.77 ,win
862,893,4,$83.93 ,win
863,1200,3,$94.09 ,win
864,419,4,$64.93 ,lose
865,539,4,$55.32 ,win
866,162,3,$93.09 ,win
867,252,4,$33.86 ,win
868,171,1,$45.48 ,lose
869,943,6,$11.56 ,win
870,739,5,$31.71 ,lose
871,1126,4,$4.18 ,win
872,521,1,$20.20 ,win
873,128,4,$96.75 ,lose
874,407,1,$3.23 ,lose
875,303,1,$28.43 ,lose
876,763,6,$28.64 ,lose
877,7,6,$11.33 ,win
878,958,2,$98.47 ,lose
879,147,6,$14.26 ,lose
880,952,3,$74.57 ,lose
881,826,1,$52.48 ,win
882,897,3,$77.08 ,lose
883,141,2,$59.53 ,win
884,1041,5,$46.00 ,win
885,354,4,$6.75 ,lose
886,633,1,$12.44 ,lose
887,49,1,$15.05 ,lose
888,1141,2,$82.06 ,lose
889,437,2,$11.20 ,lose
890,1080,3,$18.84 ,win
891,546,3,$58.19 ,lose
892,901,1,$94.48 ,win
893,268,4,$60.95 ,lose
894,1162,6,$97.75 ,win
895,750,6,$30.63 ,lose
896,678,5,$70.91 ,lose
897,160,4,$74.96 ,win
898,236,6,$75.34 ,win
899,444,4,$54.55 ,lose
900,584,3,$59.74 ,win
901,62,3,$76.48 ,win
902,277,4,$83.82 ,lose
903,693,6,$20.38 ,win
904,641,4,$13.96 ,win
905,748,1,$43.60 ,win
906,185,3,$14.45 ,win
907,87,2,$63.96 ,win
908,951,3,$69.56 ,lose
909,890,1,$94.59 ,win
910,1188,3,$55.99 ,lose
911,841,4,$93.55 ,lose
912,815,2,$52.87 ,lose
913,429,4,$78.53 ,lose
914,327,1,$29.65 ,lose
915,351,4,$65.27 ,lose
916,302,4,$51.27 ,win
917,739,5,$3.09 ,lose
918,587,6,$93.24 ,win
919,389,4,$81.10 ,lose
920,279,1,$1.44 ,lose
921,917,4,$77.11 ,lose
922,944,5,$50.62 ,win
923,746,4,$54.67 ,lose
924,506,5,$28.53 ,win
925,1187,3,$77.27 ,lose
926,480,4,$93.84 ,win
927,1060,4,$18.25 ,lose
928,318,5,$45.15 ,win
929,883,6,$30.19 ,lose
930,1024,4,$59.82 ,lose
931,620,3,$38.51 ,win
932,157,4,$22.45 ,lose
933,402,4,$26.86 ,lose
934,824,1,$49.08 ,lose
935,840,3,$22.11 ,win
936,549,3,$6.02 ,win
937,374,3,$2.84 ,lose
938,74,1,$22.25 ,lose
939,759,4,$48.14 ,lose
940,327,3,$80.47 ,lose
941,22,5,$41.53 ,lose
942,167,1,$21.58 ,win
943,109,4,$52.38 ,win
944,217,6,$41.00 ,win
945,804,4,$21.66 ,win
946,674,3,$17.28 ,lose
947,970,4,$1.45 ,lose
948,1135,6,$99.96 ,win
949,94,6,$91.84 ,lose
950,452,6,$10.37 ,lose
951,918,1,$24.53 ,lose
952,6,6,$92.73 ,lose
953,313,4,$22.64 ,win
954,551,6,$72.08 ,lose
955,355,5,$8.48 ,lose
956,580,5,$84.06 ,lose
957,116,4,$55.10 ,lose
958,1062,2,$94.48 ,win
959,175,3,$48.09 ,lose
960,549,3,$28.01 ,lose
961,316,1,$78.91 ,lose
962,108,1,$17.03 ,lose
963,523,3,$15.42 ,lose
964,1002,6,$70.55 ,win
965,1140,6,$45.78 ,win
966,1167,5,$5.26 ,lose
967,88,1,$51.61 ,lose
968,117,6,$22.23 ,lose
969,211,1,$33.83 ,lose
970,656,5,$98.12 ,win
971,433,4,$59.41 ,lose
972,327,1,$66.10 ,win
973,972,5,$30.36 ,win
974,1083,6,$73.11 ,lose
975,529,4,$84.24 ,lose
976,206,6,$36.22 ,lose
977,514,4,$60.40 ,lose
978,461,2,$38.76 ,win
979,939,5,$44.89 ,win
980,959,4,$42.08 ,win
981,589,3,$84.22 ,win
982,1061,4,$43.50 ,win
983,142,5,$72.33 ,lose
984,891,3,$73.68 ,win
985,541,3,$30.91 ,win
986,1114,5,$33.63 ,lose
987,209,5,$32.65 ,lose
988,1153,5,$82.18 ,lose
989,988,1,$71.54 ,win
990,221,5,$4.23 ,lose
991,880,1,$80.61 ,lose
992,1010,1,$9.63 ,lose
993,526,2,$66.36 ,lose
994,166,2,$47.74 ,win
995,742,1,$6.84 ,lose
996,1026,2,$45.08 ,lose
997,163,5,$17.27 ,win
998,331,3,$23.87 ,win
999,1094,3,$20.70 ,lose
1000,346,5,$16.05 ,win
1001,543,2,"$4,793.52 ",win
1002,987,4,"$23,968.77 ",win
1003,273,6,"$5,622.57 ",lose
1004,532,4,"$9,216.52 ",lose
1005,949,4,"$6,669.75 ",win
1006,981,2,"$17,330.73 ",lose
1007,1003,4,"$5,919.57 ",lose
1008,737,5,"$2,953.28 ",lose
1009,202,1,"$20,576.35 ",lose
1010,802,1,"$21,466.94 ",win
1011,185,3,"$5,890.13 ",win
1012,352,1,"$3,919.71 ",win
1013,925,6,"$15,618.40 ",win
1014,157,1,"$19,183.95 ",lose
1015,614,2,$412.45 ,win
1016,629,2,"$3,553.85 ",win
1017,1179,6,"$9,897.90 ",lose
1018,985,6,"$6,942.09 ",lose
1019,532,6,"$8,166.27 ",win
1020,1017,1,"$4,286.81 ",win
1021,1071,2,"$9,157.83 ",win
1022,150,2,"$7,007.21 ",lose
1023,654,1,"$18,299.48 ",win
1024,544,3,"$19,056.94 ",win
1025,762,5,"$23,697.19 ",lose
1026,1147,5,"$13,750.85 ",win
1027,854,5,"$12,590.91 ",win
1028,106,2,"$21,332.30 ",win
1029,354,5,"$13,204.65 ",lose
1030,11,4,"$14,963.52 ",lose
1031,843,3,"$1,514.00 ",win
1032,566,5,"$15,126.83 ",win
1033,104,3,"$14,713.17 ",lose
1034,105,3,"$17,558.13 ",lose
1035,60,6,"$5,209.73 ",lose
1036,346,5,"$22,594.21 ",win
1037,806,1,"$10,845.27 ",win
1038,757,5,"$5,895.81 ",win
1039,686,3,"$22,162.68 ",win
1040,164,2,"$5,250.75 ",win
1041,1097,3,"$3,588.87 ",win
1042,612,2,"$6,943.39 ",lose
1043,780,5,"$14,630.95 ",lose
1044,820,3,"$3,796.23 ",lose
1045,778,2,"$16,824.32 ",lose
1046,830,2,"$2,073.09 ",lose
1047,720,2,"$17,536.84 ",lose
1048,189,2,"$14,098.68 ",lose
1049,995,3,"$19,886.84 ",win
1050,450,2,"$6,309.01 ",win
1051,841,2,"$10,169.46 ",lose
1052,265,5,$92.84 ,win
1053,989,6,"$5,761.33 ",lose
1054,287,2,"$21,622.77 ",win
1055,352,4,"$10,414.07 ",win
1056,805,1,"$10,183.48 ",win
1057,681,5,"$3,787.74 ",lose
1058,510,3,"$4,166.67 ",win
1059,487,2,"$7,951.66 ",lose
1060,145,1,"$14,830.06 ",win
1061,1170,2,"$13,950.03 ",lose
1062,722,4,"$4,157.70 ",lose
1063,36,4,"$14,446.21 ",lose
1064,347,5,"$24,758.90 ",lose
1065,399,3,"$14,496.53 ",lose
1066,886,3,"$2,228.47 ",win
1067,931,5,"$10,407.11 ",win
1068,68,4,"$21,629.78 ",lose
1069,236,4,"$2,286.32 ",win
1070,1073,6,"$11,233.20 ",win
1071,342,5,"$14,118.02 ",win
1072,502,5,"$21,078.67 ",win
1073,1105,1,"$20,085.15 ",lose
1074,957,4,"$1,532.75 ",lose
1075,410,4,"$24,451.31 ",win
1076,821,4,"$17,157.59 ",win
1077,932,3,"$18,300.22 ",lose
1078,1103,6,"$8,168.31 ",win
1079,731,5,"$2,205.30 ",lose
1080,622,4,"$19,622.64 ",lose
1081,1057,5,"$18,814.52 ",lose
1082,955,2,"$17,424.57 ",win
1083,381,1,"$14,950.67 ",lose
1084,658,6,"$7,156.59 ",lose
1085,108,4,"$13,959.29 ",win
1086,1182,2,"$15,483.38 ",lose
1087,588,4,"$15,909.83 ",lose
1088,298,2,"$4,923.37 ",lose
1089,722,4,"$10,993.39 ",lose
1090,173,1,"$16,252.14 ",win
1091,129,4,"$6,518.59 ",win
1092,905,4,"$9,017.19 ",lose
1093,552,6,"$17,641.62 ",win
1094,345,2,"$12,660.87 ",win
1095,358,3,"$12,108.39 ",win
1096,78,5,"$11,913.97 ",win
1097,943,5,"$5,519.14 ",lose
1098,370,2,"$2,082.35 ",win
1099,819,2,"$7,827.71 ",win
1100,636,2,"$11,256.02 ",lose
1101,443,5,$880.15 ,win
1102,1046,6,"$22,829.54 ",lose
1103,173,5,"$8,369.22 ",lose
1104,852,6,"$15,953.95 ",lose
1105,1118,3,"$5,607.08 ",win
1106,528,3,"$21,109.51 ",win
1107,1005,5,"$12,708.06 ",lose
1108,766,1,"$2,938.64 ",win
1109,1134,6,"$3,628.85 ",lose
1110,675,6,"$21,708.07 ",win
1111,232,6,"$10,780.28 ",lose
1112,293,6,"$24,467.59 ",win
1113,884,3,"$22,301.51 ",lose
1114,120,4,"$1,973.77 ",win
1115,1119,4,"$14,908.71 ",lose
1116,618,1,"$22,488.88 ",lose
1117,1071,5,"$3,618.03 ",lose
1118,314,3,"$23,122.12 ",win
1119,436,6,"$1,982.42 ",win
1120,433,5,"$3,649.81 ",lose
1121,1156,6,"$12,666.51 ",lose
1122,554,1,"$5,327.38 ",win
1123,75,6,"$22,134.17 ",lose
1124,538,3,"$23,283.48 ",lose
1125,387,6,"$6,757.09 ",lose
1126,769,4,"$5,967.35 ",win
1127,142,5,"$14,700.72 ",win
1128,506,2,"$15,892.73 ",win
1129,974,4,"$14,832.02 ",lose
1130,206,3,"$21,488.17 ",lose
1131,753,4,"$23,911.78 ",lose
1132,545,6,"$20,496.07 ",win
1133,67,6,"$8,417.58 ",win
1134,392,6,"$13,104.88 ",win
1135,1005,3,"$24,340.70 ",win
1136,895,1,"$8,819.88 ",lose
1137,921,5,"$2,996.13 ",lose
1138,278,1,"$15,947.38 ",lose
1139,413,6,"$6,509.11 ",win
1140,249,3,"$10,816.29 ",lose
1141,943,3,"$5,413.48 ",win
1142,658,4,"$16,678.94 ",win
1143,219,1,"$4,784.28 ",win
1144,633,5,"$16,065.78 ",lose
1145,556,4,"$13,831.16 ",win
1146,361,5,"$24,827.15 ",lose
1147,1010,1,"$18,012.24 ",lose
1148,100,4,"$7,783.69 ",win
1149,756,4,"$23,845.87 ",lose
1150,282,5,"$11,773.98 ",win
1151,851,4,"$24,136.97 ",win
1152,502,4,"$18,312.65 ",win
1153,217,1,$717.39 ,win
1154,493,3,"$13,444.44 ",win
1155,1162,3,"$21,989.82 ",win
1156,340,1,"$24,691.10 ",lose
1157,506,4,"$13,281.74 ",lose
1158,1189,1,"$4,155.38 ",lose
1159,495,3,"$6,781.20 ",lose
1160,281,6,"$19,406.64 ",lose
1161,863,5,"$12,591.84 ",lose
1162,358,4,"$16,587.32 ",win
1163,613,3,"$23,977.40 ",win
1164,930,3,"$4,328.28 ",lose
1165,630,4,"$13,502.12 ",lose
1166,120,4,"$19,219.74 ",win
1167,836,2,"$18,027.71 ",lose
1168,225,6,"$8,251.75 ",win
1169,472,4,"$5,454.07 ",lose
1170,823,1,"$14,002.16 ",lose
1171,939,6,"$24,100.33 ",lose
1172,264,5,"$15,875.29 ",lose
1173,261,5,"$20,975.78 ",lose
1174,562,4,"$2,113.37 ",lose
1175,53,1,"$6,437.88 ",lose
1176,513,1,"$23,758.50 ",lose
1177,565,1,"$19,248.36 ",lose
1178,1025,2,"$23,108.48 ",lose
1179,1085,1,"$18,776.05 ",win
1180,868,6,"$23,789.32 ",win
1181,472,6,"$5,927.70 ",lose
1182,632,6,"$7,989.19 ",lose
1183,1162,6,"$14,257.99 ",lose
1184,697,5,"$21,394.76 ",win
1185,3,3,"$1,299.44 ",lose
1186,974,6,"$15,151.63 ",lose
1187,635,3,"$12,720.74 ",lose
1188,681,1,"$9,142.11 ",lose
1189,996,4,"$11,716.80 ",lose
1190,449,1,"$16,785.19 ",lose
1191,999,5,"$15,775.76 ",lose
1192,753,3,"$17,204.36 ",win
1193,942,3,"$5,257.92 ",win
1194,898,4,"$21,240.19 ",win
1195,967,3,"$22,812.21 ",lose
1196,73,2,"$9,541.04 ",win
1197,1128,3,"$1,767.04 ",lose
1198,164,1,"$24,628.76 ",lose
1199,1088,4,"$5,084.34 ",lose
1200,1097,2,"$8,765.07 ",lose
1201,639,4,"$15,982.39 ",lose
1202,700,2,"$23,704.04 ",win
1203,227,2,"$1,176.62 ",win
1204,524,1,"$22,344.47 ",lose
1205,725,1,"$4,364.88 ",lose
1206,691,4,"$10,436.84 ",win
1207,689,1,"$4,366.90 ",lose
1208,169,1,"$10,540.99 ",win
1209,768,6,"$12,379.85 ",win
1210,578,6,"$1,681.76 ",lose
1211,549,6,"$15,137.19 ",win
1212,801,3,"$22,862.93 ",win
1213,573,3,"$24,453.47 ",lose
1214,453,6,"$13,726.02 ",win
1215,649,6,"$20,056.94 ",win
1216,823,3,"$24,556.92 ",win
1217,445,5,"$24,664.26 ",lose
1218,313,2,"$12,392.09 ",lose
1219,809,6,"$21,085.96 ",lose
1220,863,4,"$24,292.22 ",win
1221,1,4,"$7,291.84 ",lose
1222,446,2,"$21,275.36 ",lose
1223,391,3,"$11,634.32 ",lose
1224,822,3,"$22,385.59 ",lose
1225,691,4,"$21,982.32 ",lose
1226,1059,2,"$12,979.33 ",win
1227,929,2,"$22,946.78 ",win
1228,1140,3,"$24,202.23 ",win
1229,223,3,"$11,627.66 ",lose
1230,1052,4,"$10,624.71 ",win
1231,951,5,"$6,974.67 ",lose
1232,312,2,"$1,821.97 ",win
1233,793,2,"$3,835.11 ",win
1234,1067,3,"$13,129.09 ",lose
1235,543,5,$313.98 ,lose
1236,581,2,"$1,178.36 ",win
1237,1099,2,"$2,403.96 ",lose
1238,629,5,"$22,396.73 ",lose
1239,486,3,"$21,918.37 ",lose
1240,112,4,"$22,375.99 ",win
1241,336,4,"$18,803.12 ",lose
1242,644,5,"$19,922.76 ",lose
1243,685,4,"$9,123.69 ",lose
1244,1140,6,"$7,265.02 ",lose
1245,698,6,"$3,931.29 ",win
1246,78,5,"$19,745.02 ",lose
1247,878,4,"$8,062.74 ",lose
1248,878,2,"$1,380.92 ",win
1249,981,4,"$8,553.33 ",win
1250,786,5,"$18,099.23 ",win
1251,988,6,"$20,463.09 ",win
1252,263,6,"$23,989.56 ",lose
1253,509,4,"$8,626.19 ",win
1254,321,5,"$2,775.15 ",win
1255,275,2,$626.27 ,win
1256,962,1,"$21,661.48 ",win
1257,577,5,"$21,076.21 ",lose
1258,1135,4,"$24,517.55 ",lose
1259,636,6,"$11,569.60 ",win
1260,585,3,"$18,991.73 ",win
1261,895,6,"$16,632.38 ",lose
1262,686,2,"$18,085.72 ",lose
1263,770,2,"$14,206.24 ",win
1264,934,1,"$14,665.25 ",win
1265,135,3,"$15,885.20 ",lose
1266,338,6,"$12,455.00 ",win
1267,487,3,"$3,359.93 ",lose
1268,415,2,"$21,896.55 ",lose
1269,720,2,"$17,650.63 ",win
1270,1145,3,$471.44 ,win
1271,255,1,"$23,786.48 ",lose
1272,56,2,"$18,712.28 ",win
1273,764,5,"$18,279.39 ",win
1274,513,4,"$19,158.02 ",win
1275,525,6,"$10,632.68 ",lose
1276,75,4,"$4,805.70 ",win
1277,177,2,"$9,628.16 ",lose
1278,848,1,"$13,262.56 ",win
1279,704,6,"$7,801.96 ",win
1280,1140,2,"$2,068.82 ",lose
1281,38,4,"$13,083.75 ",lose
1282,1073,1,"$20,699.71 ",win
1283,61,1,"$17,290.82 ",lose
1284,469,3,"$13,115.51 ",lose
1285,950,4,"$21,430.43 ",lose
1286,943,1,"$8,365.04 ",win
1287,999,1,"$1,793.74 ",win
1288,1141,5,"$12,813.53 ",win
1289,687,6,"$12,734.18 ",win
1290,131,3,"$21,976.07 ",lose
1291,163,3,"$17,018.86 ",lose
1292,111,2,"$10,936.62 ",lose
1293,891,1,"$24,398.62 ",win
1294,992,4,"$9,331.42 ",win
1295,961,6,"$10,898.80 ",lose
1296,978,6,"$1,258.23 ",win
1297,1023,3,"$19,007.21 ",win
1298,1089,4,"$10,034.28 ",win
1299,190,2,"$3,747.18 ",lose
1300,415,4,"$5,632.25 ",win
1301,550,4,"$17,698.69 ",win
1302,802,2,"$19,679.08 ",lose
1303,380,3,"$6,604.89 ",win
1304,430,6,"$22,571.11 ",win
1305,940,3,"$23,676.85 ",lose
1306,467,3,$212.84 ,win
1307,393,6,"$21,566.63 ",win
1308,1118,2,"$22,167.54 ",win
1309,455,5,"$10,021.66 ",lose
1310,138,1,"$2,225.22 ",lose
1311,37,4,"$23,574.57 ",win
1312,173,1,"$12,359.40 ",lose
1313,888,5,"$19,436.92 ",lose
1314,940,6,"$22,051.27 ",win
1315,68,4,"$18,828.25 ",lose
1316,205,4,"$6,640.40 ",win
1317,627,4,"$20,911.95 ",win
1318,64,3,"$9,909.61 ",win
1319,536,2,"$20,284.26 ",lose
1320,683,4,"$4,085.76 ",win
1321,384,1,"$16,416.57 ",lose
1322,1179,6,"$6,071.52 ",lose
1323,51,4,"$17,663.60 ",win
1324,591,2,"$15,034.47 ",lose
1325,1073,6,"$24,573.20 ",win
1326,722,5,"$20,324.69 ",win
1327,78,4,"$5,540.78 ",lose
1328,578,1,"$1,566.92 ",win
1329,528,3,"$2,333.78 ",lose
1330,487,5,"$20,999.55 ",lose
1331,855,4,"$6,507.58 ",lose
1332,62,2,"$9,495.58 ",win
1333,1084,2,"$22,406.95 ",win
1334,975,3,"$24,016.88 ",lose
1335,577,3,"$21,600.99 ",win
1336,544,6,"$2,324.50 ",lose
1337,958,6,"$3,627.78 ",lose
1338,614,6,"$19,531.02 ",win
1339,595,6,"$19,982.85 ",win
1340,246,5,$845.78 ,lose
1341,489,1,"$16,284.14 ",lose
1342,543,4,$178.45 ,lose
1343,250,1,"$13,385.72 ",lose
1344,1127,5,$129.06 ,lose
1345,82,1,"$12,801.00 ",win
1346,1162,2,"$2,681.45 ",win
1347,181,5,"$22,530.27 ",win
1348,1148,2,"$17,201.34 ",lose
1349,208,5,"$1,982.16 ",win
1350,74,6,"$5,563.00 ",lose
1351,347,3,"$21,111.70 ",lose
1352,969,6,"$13,357.69 ",win
1353,1055,1,"$5,838.71 ",lose
1354,775,4,"$19,309.51 ",win
1355,672,6,"$1,560.29 ",lose
1356,339,3,"$18,316.44 ",win
1357,438,5,"$13,304.17 ",win
1358,60,5,"$13,414.58 ",win
1359,610,1,"$11,720.52 ",lose
1360,1151,5,"$24,253.87 ",win
1361,307,1,"$5,206.28 ",lose
1362,491,3,$689.24 ,win
1363,303,3,"$2,306.60 ",win
1364,1014,5,$485.59 ,win
1365,294,2,"$2,616.83 ",win
1366,353,5,"$16,707.58 ",win
1367,1018,6,"$5,011.67 ",win
1368,831,5,"$12,783.54 ",lose
1369,671,2,"$22,223.42 ",win
1370,389,3,"$13,436.14 ",lose
1371,1180,5,"$14,070.19 ",lose
1372,472,6,"$16,527.05 ",win
1373,4,2,"$16,903.57 ",lose
1374,305,2,"$24,314.03 ",lose
1375,1055,5,"$14,081.08 ",lose
1376,182,6,$513.19 ,lose
1377,276,3,"$8,947.46 ",win
1378,580,3,"$16,295.57 ",lose
1379,594,5,"$17,528.90 ",lose
1380,827,2,"$11,747.19 ",win
1381,579,4,"$23,399.62 ",win
1382,623,4,"$10,866.30 ",win
1383,450,6,"$17,768.48 ",win
1384,246,2,"$7,343.10 ",lose
1385,429,4,"$1,345.14 ",lose
1386,555,4,"$16,284.39 ",win
1387,838,5,"$20,242.91 ",win
1388,622,3,"$2,678.33 ",win
1389,422,1,"$22,999.75 ",win
1390,1137,3,"$7,226.63 ",win
1391,303,2,"$6,139.94 ",lose
1392,374,4,"$2,171.17 ",lose
1393,185,6,"$23,658.13 ",lose
1394,1051,4,$869.10 ,lose
1395,534,5,"$2,318.21 ",win
1396,286,2,"$7,593.60 ",win
1397,467,4,"$20,095.76 ",lose
1398,961,3,"$5,656.69 ",lose
1399,739,6,"$4,381.75 ",win
1400,418,1,"$11,720.55 ",lose
1401,146,2,$879.26 ,lose
1402,785,2,"$7,363.60 ",lose
1403,954,5,"$8,941.76 ",win
1404,85,1,"$4,408.34 ",win
1405,966,2,"$21,016.32 ",win
1406,1072,1,"$1,936.87 ",win
1407,393,3,"$1,941.55 ",lose
1408,1065,4,"$8,559.77 ",win
1409,586,3,"$23,796.26 ",lose
1410,309,3,"$21,629.34 ",lose
1411,555,1,"$9,617.79 ",win
1412,675,2,"$4,157.93 ",win
1413,83,4,"$7,741.12 ",lose
1414,105,2,"$13,302.30 ",win
1415,923,4,"$4,070.53 ",win
1416,1161,3,"$10,688.14 ",win
1417,68,1,"$11,145.29 ",lose
1418,168,1,"$21,775.86 ",win
1419,197,3,"$16,242.83 ",win
1420,1037,5,"$10,927.95 ",win
1421,103,6,"$11,082.42 ",lose
1422,1061,4,"$7,056.93 ",win
1423,1150,5,"$7,273.61 ",win
1424,90,5,"$10,744.95 ",lose
1425,757,4,"$7,668.34 ",win
1426,116,2,"$21,777.25 ",win
1427,361,2,$467.62 ,win
1428,104,4,"$3,077.34 ",lose
1429,978,2,"$5,162.37 ",lose
1430,624,5,"$15,862.72 ",lose
1431,1200,5,"$13,922.31 ",lose
1432,998,1,"$3,996.87 ",lose
1433,41,2,"$23,480.94 ",win
1434,1107,5,"$8,954.34 ",lose
1435,100,6,"$16,405.58 ",win
1436,430,3,"$3,374.88 ",lose
1437,44,3,"$9,557.68 ",lose
1438,1022,2,"$10,662.58 ",lose
1439,116,3,"$4,858.19 ",lose
1440,25,3,"$1,524.28 ",win
1441,380,4,"$8,113.16 ",win
1442,723,4,"$6,736.09 ",win
1443,640,1,"$16,545.53 ",win
1444,441,6,"$5,102.93 ",lose
1445,1095,3,"$17,978.88 ",win
1446,5,4,"$24,496.49 ",win
1447,467,2,"$1,954.21 ",win
1448,562,6,"$12,546.33 ",win
1449,1064,4,"$19,604.58 ",lose
1450,1130,2,"$4,610.89 ",lose
1451,965,3,"$8,552.68 ",win
1452,950,3,"$4,339.75 ",win
1453,1026,6,"$1,522.79 ",win
1454,605,3,"$19,558.87 ",lose
1455,720,3,"$13,087.64 ",lose
1456,1181,3,"$1,407.86 ",win
1457,358,4,"$13,940.41 ",lose
1458,589,1,"$1,125.01 ",win
1459,690,2,"$9,887.09 ",win
1460,1035,2,"$19,648.16 ",win
1461,1158,5,"$3,014.74 ",lose
1462,875,1,$800.65 ,win
1463,998,1,"$1,578.83 ",win
1464,1110,6,"$20,585.71 ",lose
1465,466,4,"$2,612.48 ",lose
1466,20,5,"$6,125.39 ",win
1467,50,3,"$20,335.51 ",win
1468,728,1,"$23,989.22 ",lose
1469,980,2,"$3,335.38 ",win
1470,535,2,"$23,374.73 ",win
1471,224,5,"$2,395.73 ",win
1472,44,2,"$21,259.50 ",lose
1473,17,6,"$8,652.28 ",win
1474,1085,2,"$10,900.45 ",win
1475,471,3,"$16,332.64 ",win
1476,1060,4,"$12,323.64 ",lose
1477,638,5,"$8,672.98 ",lose
1478,94,3,"$1,406.53 ",lose
1479,1116,1,"$6,037.61 ",win
1480,821,3,"$7,205.12 ",win
1481,848,4,"$4,983.00 ",win
1482,988,6,"$11,168.40 ",lose
1483,417,6,"$4,987.98 ",lose
1484,383,2,"$19,008.00 ",win
1485,218,4,$264.76 ,lose
1486,895,4,"$6,207.65 ",win
1487,491,4,"$13,864.32 ",lose
1488,498,6,"$23,778.49 ",lose
1489,602,6,"$24,312.70 ",lose
1490,1092,4,"$16,439.53 ",lose
1491,858,2,"$19,267.48 ",lose
1492,976,1,"$18,087.95 ",lose
1493,389,6,"$20,439.43 ",win
1494,601,1,"$19,764.31 ",win
1495,890,5,"$21,785.20 ",lose
1496,573,3,"$15,266.12 ",win
1497,209,5,"$19,118.69 ",win
1498,1198,1,"$22,115.28 ",win
1499,957,5,"$15,777.50 ",win
1500,87,2,"$8,137.33 ",lose
1501,950,2,$54.09 ,lose
1502,168,4,$55.99 ,lose
1503,1131,2,$20.64 ,win
1504,933,2,$47.02 ,win
1505,1179,3,$30.78 ,win
1506,230,6,$5.57 ,lose
1507,958,1,$97.90 ,lose
1508,1100,4,$8.48 ,lose
1509,880,2,$88.66 ,lose
1510,747,4,$12.10 ,lose
1511,10,3,$81.29 ,win
1512,429,5,$69.01 ,win
1513,939,5,$99.15 ,win
1514,733,4,$32.66 ,lose
1515,423,6,$12.80 ,win
1516,1110,4,$61.01 ,win
1517,1063,6,$87.31 ,win
1518,355,3,$49.83 ,win
1519,779,5,$25.94 ,win
1520,855,6,$92.92 ,lose
1521,1096,1,$82.83 ,lose
1522,1177,6,$64.25 ,win
1523,20,3,$88.28 ,win
1524,885,1,$45.97 ,lose
1525,826,2,$78.25 ,win
1526,990,2,$66.47 ,lose
1527,369,1,$60.23 ,lose
1528,643,6,$93.97 ,lose
1529,28,6,$24.26 ,win
1530,608,4,$56.59 ,lose
1531,715,3,$65.18 ,win
1532,1070,6,$91.71 ,lose
1533,318,4,$71.98 ,win
1534,265,1,$74.23 ,lose
1535,654,4,$76.53 ,lose
1536,644,3,$23.96 ,lose
1537,632,6,$73.14 ,lose
1538,929,6,$30.65 ,win
1539,131,1,$13.16 ,lose
1540,287,5,$5.47 ,win
1541,1057,1,$7.56 ,win
1542,1020,4,$67.61 ,lose
1543,242,1,$59.26 ,lose
1544,177,3,$90.70 ,lose
1545,622,3,$30.11 ,win
1546,631,3,$74.64 ,win
1547,173,6,$88.72 ,win
1548,138,1,$30.86 ,win
1549,1080,6,$35.86 ,win
1550,140,4,$40.16 ,lose
1551,1001,1,$6.76 ,lose
1552,660,3,$85.58 ,lose
1553,1149,5,$30.51 ,win
1554,708,2,$33.22 ,win
1555,788,1,$66.38 ,win
1556,972,4,$5.05 ,lose
1557,710,4,$98.91 ,lose
1558,166,3,$29.31 ,lose
1559,916,4,$18.84 ,lose
1560,150,5,$58.57 ,win
1561,1173,6,$82.87 ,lose
1562,1185,2,$72.07 ,lose
1563,1098,1,$95.82 ,win
1564,1199,1,$17.45 ,lose
1565,256,5,$18.56 ,lose
1566,451,5,$84.57 ,lose
1567,761,6,$97.53 ,win
1568,1103,5,$92.56 ,win
1569,185,5,$15.07 ,win
1570,32,5,$14.81 ,lose
1571,294,2,$71.13 ,lose
1572,8,2,$33.21 ,win
1573,34,3,$57.11 ,win
1574,768,6,$55.59 ,win
1575,509,3,$31.98 ,lose
1576,1006,2,$32.66 ,lose
1577,313,3,$98.14 ,win
1578,243,5,$31.26 ,lose
1579,468,2,$67.80 ,lose
1580,286,3,$61.36 ,lose
1581,1077,1,$80.08 ,lose
1582,639,5,$88.12 ,win
1583,992,5,$62.49 ,lose
1584,4,1,$77.36 ,win
1585,504,3,$37.51 ,lose
1586,1145,2,$83.68 ,win
1587,958,1,$56.28 ,lose
1588,352,3,$4.29 ,lose
1589,206,2,$41.96 ,lose
1590,468,3,$46.80 ,lose
1591,1166,6,$76.23 ,lose
1592,370,4,$54.81 ,lose
1593,777,6,$5.22 ,win
1594,790,2,$76.45 ,win
1595,466,4,$87.58 ,win
1596,968,5,$96.61 ,win
1597,119,6,$56.64 ,lose
1598,235,6,$89.12 ,lose
1599,60,6,$27.58 ,lose
1600,1163,2,$65.07 ,lose
1601,580,3,$23.04 ,lose
1602,317,5,$54.45 ,win
1603,1065,3,$16.23 ,lose
1604,240,1,$6.40 ,win
1605,307,1,$18.92 ,win
1606,549,2,$85.06 ,lose
1607,587,1,$19.94 ,lose
1608,983,4,$47.53 ,win
1609,15,5,$4.87 ,lose
1610,479,4,$93.93 ,win
1611,777,1,$28.51 ,lose
1612,394,2,$42.32 ,win
1613,1007,2,$65.97 ,lose
1614,1010,1,$38.06 ,lose
1615,822,2,$30.48 ,win
1616,747,6,$82.98 ,lose
1617,1100,3,$56.78 ,win
1618,137,2,$95.91 ,win
1619,35,6,$4.43 ,win
1620,997,6,$17.75 ,lose
1621,238,4,$74.00 ,win
1622,221,3,$79.28 ,win
1623,312,4,$16.61 ,lose
1624,863,4,$11.96 ,win
1625,219,2,$32.01 ,win
1626,321,5,$96.75 ,win
1627,861,4,$16.60 ,lose
1628,753,5,$81.16 ,win
1629,718,6,$58.15 ,lose
1630,442,4,$18.07 ,lose
1631,175,6,$72.44 ,lose
1632,130,4,$71.45 ,win
1633,226,5,$80.46 ,win
1634,389,1,$38.00 ,win
1635,678,4,$78.76 ,lose
1636,346,5,$77.61 ,win
1637,1129,6,$48.18 ,lose
1638,485,2,$56.77 ,lose
1639,604,4,$34.18 ,lose
1640,327,2,$53.12 ,win
1641,342,4,$60.66 ,lose
1642,713,5,$80.22 ,lose
1643,1040,5,$98.29 ,lose
1644,590,1,$89.58 ,lose
1645,744,4,$73.46 ,win
1646,843,6,$13.83 ,lose
1647,922,5,$41.53 ,win
1648,498,3,$77.50 ,lose
1649,342,1,$16.56 ,lose
1650,162,4,$20.47 ,lose
1651,797,2,$16.66 ,lose
1652,939,4,$47.80 ,lose
1653,233,3,$40.07 ,win
1654,928,2,$68.09 ,win
1655,382,4,$23.04 ,lose
1656,237,3,$91.81 ,win
1657,411,5,$8.34 ,win
1658,1033,4,$81.83 ,lose
1659,967,6,$89.81 ,lose
1660,931,4,$46.73 ,lose
1661,566,3,$52.73 ,win
1662,614,2,$29.47 ,win
1663,951,3,$59.15 ,win
1664,442,5,$52.42 ,win
1665,404,5,$96.46 ,win
1666,994,6,$6.72 ,lose
1667,1055,2,$84.89 ,win
1668,593,6,$94.87 ,win
1669,414,3,$94.31 ,win
1670,498,2,$95.40 ,win
1671,265,2,$5.88 ,lose
1672,81,3,$33.77 ,win
1673,707,1,$5.07 ,win
1674,417,3,$41.71 ,lose
1675,275,6,$77.79 ,win
1676,582,5,$81.95 ,win
1677,757,6,$77.83 ,win
1678,424,1,$97.02 ,lose
1679,1190,3,$1.47 ,win
1680,190,5,$83.01 ,win
1681,961,4,$32.79 ,lose
1682,177,5,$67.19 ,win
1683,100,5,$72.61 ,win
1684,230,2,$89.09 ,win
1685,933,5,$30.86 ,lose
1686,779,5,$7.70 ,lose
1687,611,5,$57.18 ,win
1688,1087,5,$7.84 ,win
1689,990,5,$94.19 ,win
1690,927,4,$82.60 ,lose
1691,683,4,$8.53 ,win
1692,278,6,$42.82 ,lose
1693,399,4,$42.20 ,win
1694,615,5,$72.98 ,lose
1695,285,5,$47.01 ,win
1696,291,2,$24.12 ,win
1697,1070,6,$16.81 ,lose
1698,371,2,$28.51 ,win
1699,175,5,$54.46 ,lose
1700,54,3,$35.18 ,win
1701,315,2,$80.99 ,lose
1702,298,6,$68.75 ,win
1703,198,2,$49.39 ,win
1704,646,3,$80.37 ,win
1705,370,2,$68.19 ,lose
1706,709,2,$48.08 ,lose
1707,370,6,$28.45 ,win
1708,814,6,$7.47 ,lose
1709,1182,2,$68.26 ,lose
1710,340,5,$89.25 ,lose
1711,358,3,$39.94 ,lose
1712,34,5,$65.94 ,lose
1713,442,3,$27.94 ,win
1714,601,5,$54.09 ,win
1715,2,2,$93.02 ,lose
1716,275,4,$38.88 ,win
1717,743,1,$89.56 ,win
1718,538,5,$16.19 ,win
1719,526,1,$87.66 ,win
1720,344,3,$76.21 ,win
1721,358,2,$42.27 ,win
1722,961,3,$34.84 ,win
1723,218,1,$42.41 ,win
1724,1154,2,$59.74 ,win
1725,7,3,$90.08 ,win
1726,1173,4,$70.11 ,lose
1727,20,1,$7.23 ,win
1728,533,1,$69.70 ,win
1729,668,5,$91.05 ,win
1730,612,1,$27.69 ,win
1731,172,6,$20.62 ,lose
1732,1123,5,$75.67 ,win
1733,17,2,$6.34 ,win
1734,723,1,$48.02 ,lose
1735,1166,1,$26.71 ,lose
1736,254,2,$25.47 ,win
1737,616,5,$21.13 ,win
1738,134,3,$76.56 ,lose
1739,945,1,$88.93 ,win
1740,1059,3,$38.52 ,win
1741,445,2,$66.59 ,win
1742,824,5,$20.68 ,win
1743,73,2,$69.85 ,win
1744,538,4,$23.30 ,lose
1745,612,6,$15.93 ,lose
1746,787,5,$21.42 ,lose
1747,86,2,$39.21 ,win
1748,754,2,$75.70 ,win
1749,124,5,$42.34 ,win
1750,288,3,$11.56 ,lose
1751,709,3,$78.60 ,win
1752,408,5,$30.47 ,win
1753,1042,1,$4.54 ,win
1754,563,3,$51.75 ,win
1755,845,2,$29.36 ,lose
1756,252,2,$50.83 ,win
1757,870,5,$15.82 ,lose
1758,922,3,$8.79 ,lose
1759,456,5,$63.81 ,lose
1760,902,4,$97.85 ,lose
1761,635,2,$24.41 ,win
1762,1061,1,$6.13 ,lose
1763,152,1,$26.18 ,win
1764,376,6,$45.24 ,win
1765,156,5,$74.69 ,win
1766,783,3,$89.76 ,win
1767,380,4,$42.41 ,lose
1768,416,1,$30.87 ,win
1769,1197,3,$60.34 ,win
1770,833,3,$37.43 ,lose
1771,699,3,$66.74 ,lose
1772,166,1,$4.99 ,win
1773,1185,5,$17.24 ,lose
1774,586,1,$35.47 ,win
1775,556,4,$93.45 ,win
1776,964,4,$31.44 ,lose
1777,1163,4,$69.04 ,lose
1778,1045,1,$76.52 ,win
1779,1147,2,$31.61 ,lose
1780,326,5,$5.36 ,win
1781,90,1,$12.63 ,win
1782,360,6,$30.38 ,lose
1783,1198,3,$21.09 ,win
1784,1049,6,$22.49 ,win
1785,443,5,$54.86 ,win
1786,131,4,$78.51 ,lose
1787,307,4,$62.99 ,win
1788,978,5,$30.81 ,lose
1789,898,5,$90.38 ,lose
1790,997,5,$71.57 ,win
1791,1191,2,$83.28 ,lose
1792,315,2,$17.85 ,win
1793,616,3,$44.12 ,win
1794,735,6,$5.64 ,lose
1795,511,2,$20.16 ,lose
1796,781,5,$25.73 ,win
1797,404,4,$16.84 ,win
1798,1059,3,$44.83 ,lose
1799,1149,3,$30.94 ,lose
1800,408,4,$70.98 ,lose
1801,946,3,$63.52 ,win
1802,89,1,$60.34 ,win
1803,1178,5,$35.50 ,win
1804,139,6,$83.56 ,win
1805,852,1,$99.83 ,lose
1806,987,4,$68.72 ,win
1807,995,6,$22.90 ,win
1808,380,6,$50.12 ,lose
1809,279,4,$43.99 ,win
1810,1051,6,$9.51 ,lose
1811,957,3,$69.29 ,win
1812,739,3,$85.30 ,win
1813,707,3,$3.38 ,lose
1814,1172,5,$1.02 ,win
1815,392,2,$15.93 ,win
1816,173,2,$6.19 ,lose
1817,906,3,$46.69 ,win
1818,718,5,$10.94 ,win
1819,70,1,$10.89 ,win
1820,182,2,$56.31 ,lose
1821,807,6,$92.71 ,lose
1822,187,1,$48.24 ,win
1823,125,4,$97.08 ,lose
1824,470,6,$77.38 ,lose
1825,101,3,$60.44 ,win
1826,1121,6,$44.58 ,win
1827,902,2,$35.97 ,win
1828,582,4,$32.09 ,win
1829,12,5,$73.33 ,lose
1830,1088,3,$22.65 ,lose
1831,626,2,$45.02 ,lose
1832,53,3,$3.13 ,lose
1833,220,1,$55.25 ,win
1834,516,1,$89.84 ,lose
1835,313,6,$27.93 ,lose
1836,492,3,$82.49 ,win
1837,735,1,$38.99 ,lose
1838,104,1,$95.68 ,lose
1839,670,5,$50.69 ,win
1840,1142,4,$84.71 ,win
1841,989,1,$76.03 ,lose
1842,842,4,$97.74 ,lose
1843,116,6,$69.98 ,win
1844,1159,3,$84.97 ,lose
1845,202,6,$72.54 ,lose
1846,160,1,$23.29 ,win
1847,755,4,$80.10 ,win
1848,464,3,$72.08 ,lose
1849,310,4,$48.05 ,win
1850,197,1,$5.18 ,lose
1851,871,5,$57.96 ,win
1852,1145,1,$25.33 ,lose
1853,531,4,$83.22 ,lose
1854,865,6,$27.77 ,win
1855,244,5,$39.26 ,win
1856,1152,5,$54.31 ,win
1857,687,1,$23.79 ,win
1858,19,4,$65.46 ,win
1859,582,1,$66.00 ,win
1860,600,2,$13.24 ,lose
1861,481,4,$40.28 ,win
1862,628,4,$94.22 ,win
1863,116,2,$55.26 ,win
1864,13,4,$19.55 ,win
1865,798,5,$66.64 ,win
1866,26,5,$36.07 ,lose
1867,1044,6,$79.93 ,lose
1868,435,6,$49.41 ,win
1869,423,6,$83.19 ,win
1870,631,6,$91.21 ,lose
1871,431,3,$89.91 ,lose
1872,289,3,$44.62 ,lose
1873,1147,6,$15.90 ,lose
1874,117,1,$88.53 ,win
1875,983,1,$26.70 ,win
1876,367,4,$7.29 ,win
1877,101,2,$62.52 ,win
1878,561,2,$72.61 ,lose
1879,726,1,$28.72 ,lose
1880,825,1,$52.18 ,win
1881,555,2,$52.71 ,lose
1882,164,2,$98.60 ,lose
1883,62,2,$17.95 ,win
1884,290,2,$24.25 ,win
1885,399,2,$66.24 ,win
1886,577,6,$22.98 ,win
1887,382,3,$79.22 ,lose
1888,994,4,$61.47 ,lose
1889,516,6,$22.70 ,win
1890,391,2,$77.95 ,lose
1891,974,2,$48.73 ,win
1892,916,2,$34.68 ,win
1893,297,5,$62.02 ,win
1894,576,1,$42.51 ,win
1895,128,6,$96.21 ,lose
1896,553,2,$65.03 ,win
1897,533,5,$36.48 ,lose
1898,925,2,$87.77 ,win
1899,803,3,$86.48 ,lose
1900,405,3,$39.20 ,lose
1901,254,6,$31.08 ,win
1902,413,3,$47.80 ,lose
1903,946,6,$1.29 ,win
1904,343,2,$72.19 ,lose
1905,781,1,$51.49 ,win
1906,1138,2,$66.07 ,win
1907,649,2,$96.64 ,win
1908,661,3,$80.09 ,win
1909,131,2,$28.78 ,win
1910,365,6,$27.39 ,win
1911,919,2,$83.84 ,win
1912,1141,1,$55.70 ,win
1913,219,1,$8.35 ,win
1914,15,3,$28.64 ,win
1915,256,3,$24.21 ,lose
1916,131,2,$77.82 ,lose
1917,183,2,$62.74 ,lose
1918,845,2,$40.02 ,lose
1919,208,4,$73.84 ,win
1920,452,6,$26.98 ,win
1921,196,6,$85.90 ,win
1922,969,3,$53.33 ,win
1923,725,5,$78.32 ,win
1924,290,3,$80.28 ,lose
1925,462,5,$35.22 ,win
1926,658,5,$42.72 ,lose
1927,796,2,$71.37 ,win
1928,98,1,$37.54 ,win
1929,20,4,$83.41 ,lose
1930,857,1,$39.32 ,win
1931,291,2,$87.99 ,lose
1932,592,6,$19.36 ,lose
1933,1055,6,$50.59 ,lose
1934,712,2,$83.18 ,win
1935,567,3,$40.18 ,lose
1936,609,1,$65.07 ,lose
1937,1190,6,$45.85 ,lose
1938,267,5,$3.67 ,lose
1939,919,1,$4.77 ,win
1940,190,3,$29.73 ,win
1941,902,5,$36.15 ,win
1942,479,2,$76.07 ,lose
1943,617,2,$79.56 ,win
1944,713,6,$49.48 ,win
1945,931,6,$28.57 ,lose
1946,196,6,$55.86 ,lose
1947,556,2,$45.82 ,lose
1948,183,4,$14.42 ,lose
1949,104,5,$25.56 ,lose
1950,576,2,$24.24 ,lose
1951,359,4,$75.16 ,win
1952,555,6,$36.29 ,lose
1953,82,2,$68.82 ,win
1954,848,4,$12.83 ,win
1955,2,6,$7.50 ,win
1956,303,5,$31.71 ,lose
1957,40,2,$7.45 ,lose
1958,974,1,$27.64 ,win
1959,181,1,$53.48 ,win
1960,721,1,$2.78 ,lose
1961,18,2,$62.91 ,win
1962,793,4,$86.85 ,lose
1963,327,4,$23.50 ,win
1964,507,3,$60.10 ,lose
1965,376,1,$47.45 ,lose
1966,191,4,$17.75 ,lose
1967,604,6,$91.17 ,win
1968,201,5,$9.24 ,lose
1969,730,1,$50.08 ,win
1970,581,1,$41.84 ,win
1971,666,4,$35.56 ,win
1972,344,3,$17.34 ,lose
1973,522,1,$35.02 ,win
1974,527,5,$78.71 ,win
1975,364,1,$31.21 ,lose
1976,409,1,$32.10 ,lose
1977,361,1,$61.45 ,lose
1978,559,6,$60.53 ,win
1979,171,1,$17.98 ,win
1980,266,6,$12.21 ,lose
1981,912,4,$4.11 ,win
1982,105,3,$18.63 ,win
1983,203,2,$78.54 ,win
1984,819,3,$29.48 ,win
1985,700,6,$31.00 ,lose
1986,802,2,$99.70 ,win
1987,989,2,$98.82 ,win
1988,1035,3,$72.32 ,lose
1989,34,2,$1.71 ,lose
1990,403,1,$50.14 ,lose
1991,1143,6,$25.03 ,win
1992,422,1,$58.35 ,lose
1993,1070,5,$76.25 ,lose
1994,414,5,$51.64 ,lose
1995,165,3,$40.13 ,win
1996,1,5,$81.98 ,win
1997,1059,5,$60.75 ,lose
1998,983,2,$50.79 ,win
1999,1035,1,$82.05 ,win
2000,509,2,$46.03 ,win
2001,415,3,$46.40 ,lose
2002,851,6,$81.09 ,win
2003,150,4,$39.28 ,lose
2004,224,5,$54.11 ,win
2005,195,4,$7.21 ,win
2006,106,3,$9.68 ,win
2007,311,4,$4.04 ,win
2008,44,1,$75.72 ,win
2009,1035,3,$67.30 ,win
2010,275,6,$88.54 ,lose
2011,404,1,$89.83 ,win
2012,1067,6,$1.57 ,lose
2013,772,5,$17.90 ,win
2014,244,6,$26.94 ,lose
2015,306,4,$82.24 ,lose
2016,233,4,$19.63 ,lose
2017,98,1,$35.67 ,win
2018,108,5,$60.35 ,lose
2019,161,2,$25.05 ,lose
2020,747,2,$62.56 ,win
2021,179,4,$56.07 ,lose
2022,1177,6,$39.75 ,lose
2023,1079,5,$46.22 ,lose
2024,170,5,$19.64 ,win
2025,913,5,$47.82 ,lose
2026,453,5,$85.60 ,lose
2027,1198,2,$72.83 ,win
2028,712,6,$74.94 ,win
2029,82,2,$96.07 ,win
2030,101,1,$70.38 ,lose
2031,1085,5,$18.72 ,win
2032,239,5,$56.36 ,win
2033,589,4,$86.93 ,lose
2034,232,2,$96.57 ,win
2035,586,2,$91.28 ,win
2036,739,3,$53.32 ,lose
2037,1086,2,$34.42 ,win
2038,11,2,$62.62 ,lose
2039,475,4,$66.36 ,win
2040,313,4,$38.97 ,lose
2041,605,2,$3.53 ,win
2042,169,5,$28.87 ,win
2043,495,5,$41.47 ,win
2044,318,5,$36.85 ,win
2045,315,1,$76.42 ,lose
2046,156,6,$19.08 ,win
2047,406,3,$40.81 ,lose
2048,634,6,$57.79 ,lose
2049,1000,6,$40.78 ,win
2050,880,3,$60.86 ,win
2051,1133,2,$85.76 ,lose
2052,413,6,$68.17 ,win
2053,526,1,$97.14 ,lose
2054,1073,1,$93.64 ,win
2055,456,6,$3.86 ,lose
2056,471,6,$35.50 ,lose
2057,43,1,$69.04 ,win
2058,929,2,$90.74 ,lose
2059,100,3,$15.53 ,win
2060,117,1,$88.00 ,win
2061,408,4,$37.71 ,lose
2062,46,5,$67.12 ,lose
2063,1028,3,$46.03 ,lose
2064,396,1,$95.32 ,lose
2065,97,4,$6.61 ,win
2066,898,1,$75.69 ,win
2067,100,6,$80.13 ,win
2068,433,1,$91.51 ,lose
2069,1018,6,$92.94 ,lose
2070,208,2,$67.30 ,win
2071,594,3,$19.06 ,win
2072,242,5,$73.73 ,lose
2073,57,3,$57.63 ,lose
2074,1086,1,$2.95 ,win
2075,260,2,$98.08 ,lose
2076,288,6,$33.33 ,lose
2077,144,2,$10.69 ,win
2078,1028,5,$96.01 ,win
2079,699,4,$16.31 ,win
2080,141,3,$94.28 ,win
2081,672,6,$68.44 ,lose
2082,254,6,$24.83 ,win
2083,1178,4,$34.36 ,lose
2084,174,2,$19.80 ,lose
2085,313,6,$61.80 ,lose
2086,634,6,$63.55 ,win
2087,203,4,$72.56 ,win
2088,787,1,$72.86 ,win
2089,460,3,$19.68 ,win
2090,1115,6,$3.60 ,lose
2091,876,1,$57.06 ,win
2092,30,4,$45.05 ,lose
2093,915,4,$85.23 ,win
2094,893,4,$46.99 ,win
2095,967,6,$48.28 ,lose
2096,155,1,$42.33 ,win
2097,1118,5,$53.65 ,lose
2098,1095,4,$4.37 ,win
2099,709,2,$23.32 ,lose
2100,986,4,$9.98 ,win
2101,726,1,$40.88 ,lose
2102,186,3,$82.57 ,lose
2103,837,4,$33.20 ,win
2104,1058,2,$31.86 ,win
2105,1020,4,$11.77 ,lose
2106,550,4,$31.28 ,lose
2107,1021,3,$45.49 ,win
2108,517,3,$83.22 ,win
2109,97,3,$75.24 ,win
2110,282,3,$34.39 ,win
2111,621,3,$57.44 ,lose
2112,955,2,$30.88 ,win
2113,578,6,$39.06 ,lose
2114,442,3,$85.52 ,lose
2115,780,1,$62.09 ,lose
2116,577,1,$84.95 ,lose
2117,95,2,$55.82 ,win
2118,1166,2,$39.54 ,lose
2119,114,4,$92.12 ,lose
2120,123,5,$6.16 ,lose
2121,105,2,$35.14 ,win
2122,962,4,$12.64 ,lose
2123,314,4,$61.25 ,win
2124,209,4,$49.48 ,lose
2125,271,1,$54.21 ,win
2126,711,3,$58.44 ,win
2127,1169,4,$20.31 ,lose
2128,943,6,$2.79 ,win
2129,371,4,$39.88 ,lose
2130,302,6,$26.81 ,win
2131,619,6,$31.98 ,win
2132,481,6,$90.74 ,win
2133,121,5,$64.12 ,lose
2134,94,4,$40.98 ,lose
2135,48,2,$84.28 ,win
2136,685,6,$65.59 ,win
2137,831,4,$15.45 ,lose
2138,1019,3,$10.12 ,lose
2139,932,4,$97.96 ,win
2140,76,3,$22.82 ,win
2141,457,6,$49.88 ,lose
2142,926,1,$45.92 ,lose
2143,978,1,$19.71 ,win
2144,472,1,$38.58 ,win
2145,638,6,$6.03 ,win
2146,738,1,$20.33 ,lose
2147,315,1,$29.03 ,win
2148,150,5,$59.52 ,lose
2149,894,4,$65.92 ,lose
2150,807,3,$28.35 ,win
2151,1086,4,$22.50 ,win
2152,557,6,$86.86 ,lose
2153,344,2,$90.91 ,win
2154,488,5,$39.50 ,lose
2155,120,3,$51.10 ,win
2156,1109,4,$51.36 ,win
2157,116,3,$28.37 ,lose
2158,239,3,$82.46 ,lose
2159,84,3,$90.42 ,lose
2160,444,1,$10.58 ,win
2161,925,2,$78.34 ,lose
2162,1107,1,$15.56 ,lose
2163,155,4,$79.53 ,win
2164,836,4,$73.02 ,win
2165,534,2,$59.79 ,win
2166,343,6,$95.06 ,win
2167,838,4,$62.49 ,lose
2168,527,3,$45.26 ,win
2169,17,6,$12.86 ,lose
2170,971,6,$71.99 ,lose
2171,1182,4,$31.69 ,lose
2172,456,6,$1.14 ,win
2173,820,3,$36.56 ,win
2174,847,4,$11.68 ,win
2175,696,4,$83.08 ,win
2176,856,4,$98.70 ,win
2177,1116,4,$8.26 ,lose
2178,947,2,$14.38 ,win
2179,444,3,$42.74 ,lose
2180,274,1,$5.74 ,lose
2181,908,4,$36.40 ,lose
2182,296,1,$59.44 ,win
2183,337,3,$36.09 ,lose
2184,68,5,$63.25 ,lose
2185,865,5,$21.89 ,lose
2186,1097,5,$13.25 ,win
2187,461,1,$41.26 ,lose
2188,967,5,$32.57 ,lose
2189,888,1,$8.80 ,lose
2190,692,6,$58.02 ,lose
2191,768,3,$9.44 ,lose
2192,733,4,$10.87 ,lose
2193,1025,4,$36.73 ,lose
2194,622,1,$47.53 ,win
2195,695,4,$76.72 ,win
2196,386,1,$41.22 ,lose
2197,1107,6,$99.12 ,lose
2198,179,1,$64.76 ,lose
2199,359,1,$65.69 ,lose
2200,207,6,$11.69 ,win
2201,697,3,$4.66 ,win
2202,1194,1,$5.30 ,win
2203,220,5,$76.82 ,lose
2204,113,1,$62.05 ,win
2205,214,3,$87.40 ,win
2206,728,2,$61.23 ,win
2207,609,1,$26.05 ,win
2208,353,5,$46.05 ,lose
2209,64,2,$13.90 ,lose
2210,817,6,$62.56 ,win
2211,1122,6,$68.87 ,win
2212,232,6,$14.87 ,win
2213,944,3,$30.07 ,lose
2214,522,1,$5.50 ,lose
2215,479,4,$54.55 ,lose
2216,227,2,$70.49 ,lose
2217,639,2,$19.67 ,lose
2218,989,3,$44.61 ,lose
2219,173,1,$89.64 ,lose
2220,617,5,$60.70 ,win
2221,804,5,$20.69 ,win
2222,362,6,$92.35 ,lose
2223,1040,3,$64.71 ,win
2224,922,1,$61.24 ,win
2225,710,3,$78.60 ,lose
2226,534,4,$28.37 ,lose
2227,74,1,$60.50 ,win
2228,492,3,$23.30 ,win
2229,716,1,$36.10 ,lose
2230,1076,6,$11.11 ,win
2231,600,3,$45.63 ,win
2232,1134,5,$38.72 ,lose
2233,603,6,$55.42 ,win
2234,1164,1,$3.53 ,lose
2235,742,3,$17.59 ,lose
2236,1066,4,$94.13 ,win
2237,128,2,$82.16 ,lose
2238,805,4,$95.48 ,win
2239,1015,5,$48.37 ,lose
2240,1009,2,$42.76 ,lose
2241,144,4,$17.15 ,lose
2242,271,2,$4.93 ,lose
2243,1,2,$11.22 ,lose
2244,944,2,$69.89 ,win
2245,360,1,$30.52 ,win
2246,604,6,$68.94 ,win
2247,287,1,$97.04 ,lose
2248,563,2,$57.06 ,win
2249,94,3,$77.17 ,win
2250,23,2,$87.12 ,win
2251,311,1,$21.27 ,win
2252,885,6,$59.42 ,lose
2253,14,2,$20.63 ,lose
2254,547,5,$2.88 ,lose
2255,19,2,$36.80 ,win
2256,684,1,$73.06 ,win
2257,564,6,$5.96 ,lose
2258,1184,3,$55.01 ,lose
2259,873,3,$18.32 ,win
2260,827,6,$12.93 ,lose
2261,567,3,$92.34 ,lose
2262,1125,4,$77.39 ,win
2263,1024,3,$16.82 ,lose
2264,574,5,$11.67 ,lose
2265,100,6,$72.68 ,lose
2266,1189,6,$33.60 ,win
2267,245,2,$30.95 ,lose
2268,998,2,$35.32 ,win
2269,863,4,$57.15 ,lose
2270,338,6,$85.43 ,lose
2271,681,3,$50.44 ,lose
2272,630,6,$21.34 ,lose
2273,781,4,$83.63 ,win
2274,634,1,$73.01 ,lose
2275,755,3,$83.94 ,win
2276,371,3,$19.46 ,lose
2277,1050,2,$65.60 ,lose
2278,311,6,$39.46 ,win
2279,31,1,$10.10 ,win
2280,780,5,$16.44 ,win
2281,250,1,$46.83 ,lose
2282,9,2,$71.03 ,lose
2283,9,4,$32.45 ,win
2284,630,5,$92.60 ,lose
2285,392,5,$41.04 ,lose
2286,1041,4,$21.94 ,win
2287,982,1,$22.35 ,lose
2288,1174,5,$62.02 ,win
2289,1113,4,$9.33 ,win
2290,511,1,$65.97 ,win
2291,249,3,$90.42 ,lose
2292,296,5,$58.19 ,lose
2293,579,4,$68.23 ,win
2294,141,3,$26.17 ,lose
2295,1171,4,$24.14 ,win
2296,717,1,$22.74 ,win
2297,528,1,$25.03 ,lose
2298,1096,5,$50.07 ,win
2299,633,2,$88.48 ,lose
2300,899,6,$76.79 ,win
2301,499,3,$61.91 ,lose
2302,1095,5,$86.31 ,lose
2303,999,6,$74.63 ,win
2304,976,1,$28.96 ,win
2305,1044,1,$8.10 ,lose
2306,934,2,$48.02 ,lose
2307,858,3,$21.76 ,win
2308,220,1,$71.21 ,lose
2309,747,6,$70.60 ,lose
2310,993,2,$99.28 ,win
2311,614,6,$33.80 ,win
2312,683,5,$26.79 ,lose
2313,725,6,$13.25 ,lose
2314,367,3,$62.59 ,lose
2315,438,3,$21.33 ,win
2316,108,5,$95.81 ,win
2317,1080,3,$70.71 ,lose
2318,288,4,$92.87 ,win
2319,1079,1,$96.03 ,lose
2320,343,4,$60.99 ,lose
2321,555,6,$52.13 ,win
2322,528,3,$26.72 ,lose
2323,56,4,$47.06 ,win
2324,872,5,$6.93 ,lose
2325,165,5,$90.26 ,win
2326,8,5,$83.24 ,win
2327,975,1,$56.11 ,win
2328,581,1,$94.17 ,lose
2329,827,4,$86.03 ,lose
2330,540,3,$83.50 ,lose
2331,1112,3,$3.56 ,lose
2332,637,3,$74.57 ,lose
2333,619,2,$43.31 ,win
2334,506,5,$8.97 ,win
2335,682,2,$88.20 ,lose
2336,105,5,$80.12 ,win
2337,334,5,$66.37 ,lose
2338,118,1,$24.50 ,win
2339,11,6,$89.38 ,lose
2340,495,4,$11.14 ,win
2341,174,5,$31.10 ,win
2342,371,5,$57.40 ,lose
2343,1159,5,$15.53 ,win
2344,1177,6,$94.88 ,win
2345,849,1,$88.27 ,win
2346,140,1,$76.12 ,win
2347,103,5,$20.71 ,win
2348,1038,1,$39.27 ,lose
2349,405,3,$38.76 ,lose
2350,394,2,$30.31 ,win
2351,809,3,$26.67 ,lose
2352,478,5,$11.83 ,win
2353,551,1,$92.21 ,win
2354,345,1,$10.14 ,win
2355,772,3,$40.26 ,lose
2356,975,1,$33.98 ,lose
2357,356,3,$99.09 ,win
2358,832,2,$3.00 ,lose
2359,1166,3,$40.60 ,win
2360,1160,6,$38.28 ,win
2361,896,1,$16.29 ,lose
2362,523,1,$80.77 ,lose
2363,547,1,$44.15 ,lose
2364,783,6,$32.62 ,win
2365,469,4,$3.63 ,lose
2366,816,1,$67.44 ,lose
2367,682,3,$43.52 ,win
2368,1035,2,$20.70 ,win
2369,364,1,$50.59 ,win
2370,963,3,$12.86 ,lose
2371,865,2,$31.34 ,win
2372,1104,5,$17.08 ,win
2373,384,1,$46.75 ,win
2374,384,6,$25.43 ,lose
2375,476,6,$84.61 ,win
2376,1053,6,$99.42 ,lose
2377,525,4,$60.14 ,lose
2378,848,1,$18.05 ,win
2379,646,6,$12.90 ,lose
2380,727,6,$76.58 ,win
2381,217,4,$80.20 ,lose
2382,794,5,$8.51 ,lose
2383,185,1,$59.92 ,win
2384,970,5,$44.70 ,lose
2385,1073,3,$32.67 ,lose
2386,334,3,$24.32 ,win
2387,414,5,$33.32 ,win
2388,320,1,$83.44 ,lose
2389,298,4,$1.11 ,win
2390,789,2,$54.20 ,win
2391,808,5,$63.08 ,win
2392,1057,1,$81.95 ,lose
2393,782,4,$40.23 ,win
2394,64,5,$18.38 ,win
2395,351,6,$47.00 ,lose
2396,1128,1,$64.02 ,win
2397,1183,5,$8.92 ,win
2398,896,6,$96.11 ,win
2399,190,1,$84.46 ,win
2400,315,3,$56.00 ,win
2401,1099,4,$59.64 ,win
2402,745,3,$27.21 ,win
2403,918,2,$1.77 ,lose
2404,202,4,$41.74 ,lose
2405,139,6,$42.16 ,lose
2406,269,2,$98.54 ,win
2407,232,4,$61.15 ,lose
2408,445,2,$78.43 ,lose
2409,1056,4,$63.77 ,win
2410,979,6,$61.98 ,lose
2411,736,2,$85.28 ,win
2412,1106,6,$90.90 ,lose
2413,1030,3,$81.65 ,lose
2414,1067,3,$10.86 ,lose
2415,477,4,$56.20 ,lose
2416,492,5,$99.77 ,win
2417,1018,5,$25.93 ,lose
2418,180,2,$35.11 ,win
2419,584,6,$87.60 ,win
2420,1050,6,$21.63 ,win
2421,600,3,$81.08 ,lose
2422,355,6,$76.33 ,win
2423,998,5,$55.01 ,lose
2424,775,4,$17.49 ,lose
2425,399,2,$43.80 ,lose
2426,166,6,$26.93 ,win
2427,273,5,$51.01 ,win
2428,1032,4,$85.33 ,lose
2429,448,4,$30.71 ,lose
2430,1065,2,$39.69 ,lose
2431,855,3,$95.57 ,lose
2432,781,5,$9.84 ,lose
2433,937,3,$30.97 ,win
2434,878,6,$62.66 ,lose
2435,1100,4,$65.66 ,win
2436,1131,6,$5.73 ,win
2437,523,2,$98.21 ,lose
2438,962,6,$59.85 ,win
2439,31,1,$25.70 ,win
2440,19,4,$42.58 ,lose
2441,1175,1,$78.00 ,lose
2442,660,6,$7.94 ,win
2443,1043,4,$22.97 ,lose
2444,24,3,$7.78 ,lose
2445,354,1,$52.30 ,win
2446,554,6,$70.23 ,win
2447,5,4,$51.50 ,lose
2448,635,4,$61.86 ,lose
2449,368,3,$11.79 ,win
2450,669,3,$74.01 ,lose
2451,48,4,$18.51 ,lose
2452,80,4,$19.74 ,win
2453,1007,2,$77.29 ,win
2454,481,1,$93.74 ,win
2455,609,3,$94.55 ,win
2456,446,3,$5.40 ,lose
2457,1165,6,$2.19 ,win
2458,1035,5,$52.88 ,win
2459,362,6,$42.12 ,lose
2460,152,6,$12.67 ,lose
2461,1042,3,$78.59 ,win
2462,172,3,$11.87 ,lose
2463,1088,6,$23.95 ,lose
2464,129,5,$32.77 ,lose
2465,927,5,$6.77 ,win
2466,202,2,$85.10 ,win
2467,1072,4,$62.96 ,lose
2468,90,5,$30.10 ,lose
2469,736,1,$39.15 ,win
2470,838,6,$17.23 ,lose
2471,1110,6,$66.88 ,lose
2472,55,3,$60.08 ,lose
2473,1188,4,$37.47 ,lose
2474,175,1,$39.58 ,lose
2475,607,3,$51.41 ,lose
2476,855,5,$8.14 ,lose
2477,936,1,$95.66 ,win
2478,610,6,$67.73 ,win
2479,1194,1,$78.75 ,lose
2480,888,1,$64.21 ,lose
2481,221,1,$68.66 ,win
2482,452,5,$99.77 ,win
2483,711,4,$14.79 ,win
2484,321,4,$65.98 ,lose
2485,618,1,$64.20 ,win
2486,725,1,$9.33 ,win
2487,956,5,$17.67 ,lose
2488,553,5,$40.33 ,lose
2489,1075,4,$93.70 ,lose
2490,402,4,$74.50 ,lose
2491,884,1,$28.35 ,win
2492,419,6,$64.19 ,win
2493,1177,1,$42.10 ,lose
2494,484,2,$8.98 ,lose
2495,717,3,$40.23 ,win
2496,879,1,$13.29 ,lose
2497,736,5,$58.08 ,win
2498,711,3,$84.81 ,lose
2499,1126,5,$21.11 ,win
2500,679,3,$41.48 ,lose
